{"cameraMode":{"drawMode":0,"name":"Shaded","section":"Shading Mode"},"sceneLighting":false,"audioPlay":false,"sceneViewState":{"showFog":true,"showMaterialUpdate":false,"showSkybox":false,"showFlares":true,"showImageEffects":true,"showParticleSystems":true},"in2DMode":false,"pivot":{"x":0.0,"y":0.019248366355895997,"z":-76.80000305175781},"rotation":{"x":0.4230087697505951,"y":0.1931833028793335,"z":-0.09281797707080841,"w":0.8804140090942383},"size":1.0255861282348633,"orthographic":true}