{"cameraMode":{"drawMode":0,"name":"Shaded","section":"Shading Mode"},"sceneLighting":true,"audioPlay":false,"sceneViewState":{"showFog":true,"showMaterialUpdate":false,"showSkybox":true,"showFlares":true,"showImageEffects":true,"showParticleSystems":true},"in2DMode":false,"pivot":{"x":24.196956634521486,"y":26.715965270996095,"z":-9.999637603759766},"rotation":{"x":0.32523536682128909,"y":0.3108378052711487,"z":-0.11413367837667465,"w":0.8857632875442505},"size":48.46819305419922,"orthographic":true}